Test Image,Best Match,Match Percentage
2.JPG,kk.JPG,82.70783216533415
1.JPG,cc.JPG,87.38437463741523
5.JPG,ee.JPG,89.95805436175924
a.JPG,a.JPG,100.00000000000009
4.JPG,o.jpg,90.78005606331666
3.JPG,nn.JPG,88.23066439977924
